time,step,divergence_linf,divergence_rms,volume_inflow,volume_outflow,relative_volume_imbalance,scalar_mass,scalar_balance_error,scalar_min,scalar_max,kinetic_energy,max_speed,outlet_backflow_fraction,upstream_box_circulation,upstream_reversed_shear_area,upstream_shear_min,trajectory_x,scalar_centroid_y,scalar_centroid_z,scalar_width_z,pressure_iterations
0.0,0,1.0825900176314462e-09,3.072538610874588e-11,16.98927791010425,16.989277910151017,2.7527905020562946e-12,1.625,0.0,0.0,1.0,91.5557612253509,3.9704579705746035,0.0,-1.1834621598832595,0.40625,-0.34817765335397555,1.9375,,,,14
0.1,15,2.283728761653947e-12,8.26008616591233e-14,16.98927791010425,16.98927791010424,6.273451463209423e-16,1.7875000000000014,1.5265566588595902e-15,0.0,1.0000000000000693,91.87109212978532,3.9681480578211143,0.0,-1.210464315764707,0.3125,-0.17550565249033423,1.9375,,,,11
0.2,29,9.918288412791298e-12,3.003715272916208e-13,16.98927791010425,16.989277910104267,1.0455752438682372e-15,1.950000000000003,3.0531133177191805e-15,0.0,1.0000000000000548,92.26271517615396,3.96813732206768,0.0,-1.2546379720381204,0.09375,-0.017267248891470917,1.9375,,,,12
0.30000000000000004,43,7.430056570001398e-12,3.0668527302526126e-13,16.98927791010425,16.98927791010426,6.273451463209423e-16,2.112500000000005,4.9404924595819466e-15,2.35483594074448e-112,1.00000000000003,92.71443789233217,3.9680698532871976,0.0,-1.3055694471364914,0.0,0.029924290270633633,1.9375,0.32042395626878883,-3.024430875917425e-14,0.2042202219505806,12
0.4,58,4.537452079953592e-13,3.060431835662408e-14,16.98927791010425,16.98927791010425,0.0,2.2750000000000075,7.438494264988549e-15,4.5695251841333835e-97,1.0000000000000544,93.19997782654661,3.9680667211664216,0.0,-1.3509118072892023,0.0,0.04307041614043101,1.9375,0.36104172692148945,-1.7767767345250337e-14,0.2239432352227291,11
0.5,73,1.4861445407632345e-12,9.836648295701821e-14,16.98927791010425,16.98927791010424,6.273451463209423e-16,2.4375000000000093,9.769962616701378e-15,6.571032391871053e-87,1.0000000000000693,93.69722039835915,3.967980566212501,0.0,-1.385937048372653,0.0,0.04724624513657577,1.9375,0.4021717890636972,-8.51487282186592e-15,0.24172912159176038,11
0.6,88,3.54605234065275e-12,1.6162112723771323e-13,16.98927791010425,16.989277910104235,8.364601950945897e-16,2.600000000000011,1.176836406102666e-14,3.349027624157708e-79,1.0000000000000713,94.18875817713274,3.967715887067572,0.0,-1.4104714075859786,0.0,0.045596792391841716,1.9375,0.44562869906111263,-9.565671437042405e-16,0.2580934575063136,11
0.7,103,6.142197861436216e-12,2.4955456232310996e-13,16.98927791010425,16.989277910104224,1.463805341415532e-15,2.7625000000000135,1.4876988529977098e-14,5.5729252205998116e-73,1.0000000000000662,94.66346551031961,3.9676781040633107,0.0,-1.4266105414206494,0.0,0.03614236367736314,1.9375,0.4929006684017352,5.263090478078863e-15,0.27325836756893085,11
0.7999999999999999,118,5.497227673068039e-12,1.905715812334986e-13,16.98927791010425,16.989277910104235,8.364601950945897e-16,2.9250000000000154,1.709743457922741e-14,8.992880495226277e-68,1.0000000000000482,95.11540024384192,3.9679114935795954,0.0,-1.437203292941135,0.0,0.02331373950266533,1.9375,0.5454748160123905,8.944320084805944e-15,0.2873166087381828,11
0.8999999999999999,133,4.568123657122669e-12,1.4381366022073138e-13,16.98927791010425,16.98927791010425,0.0,3.087500000000018,1.9761969838327786e-14,2.64710303005071e-63,1.0000000000000249,95.54224433500161,3.9680838715934454,0.0,-1.4448963263333956,0.0,0.017251233299997042,1.9375,0.6048768322026984,9.332200374171294e-15,0.300305256649218,11
0.9999999999999999,148,2.1416757256531582e-12,8.372515925403793e-14,16.98927791010425,16.989277910104256,4.1823009754729485e-16,3.2500000000000213,2.3092638912203256e-14,2.1222707103908586e-59,1.0000000000000102,95.94369932808308,3.9680674391982853,0.0,-1.4517706931443302,0.0,0.01585272999855822,1.9375,0.6725050900405173,7.857651299644993e-15,0.3122583030878385,11
1.0999999999999999,163,8.752998326144734e-13,5.874071376379787e-14,16.98927791010425,16.98927791010426,6.273451463209423e-16,3.4125000000000245,2.6423307986078726e-14,6.087416627209494e-56,1.0000000000000036,96.32055576799655,3.9680957634668323,0.0,-1.45898809905814,0.0,0.016814421010319304,1.9375,0.7493147454088424,5.8133242339289766e-15,0.32325811983081404,11
1.2,178,6.817684171016661e-13,4.6774678591657344e-14,16.98927791010425,16.989277910104256,4.1823009754729485e-16,3.5750000000000273,3.042011087472929e-14,1.3917138289143436e-53,1.0000000000000027,96.67407082817475,3.968085052755098,0.0,-1.4667819541622316,0.0,0.018501927732236523,1.9375,0.835497809495335,3.4883718731229323e-15,0.3334746584767005,11
1.3,193,1.366704677286724e-13,8.138029208953802e-15,16.98927791010425,16.98927791010425,0.0,3.7375000000000305,3.3306690738754696e-14,7.325373484011542e-52,1.0000000000000022,97.00569426173617,3.9680755285777005,0.0,-1.474883085129494,0.0,0.0193609244636726,1.9375,0.9303187096790577,1.4673618562268541e-15,0.343179792578326,12
1.4000000000000001,207,2.6625368576560504e-12,1.4550772798575204e-13,16.98927791010425,16.98927791010425,0.0,3.900000000000034,3.6415315207705135e-14,2.6363467610176525e-50,1.000000000000002,97.31712185788294,3.968080278555269,0.0,-1.4829317059509672,0.0,0.019703315977505985,1.9375,1.032190581407746,1.2469596006756413e-15,0.3527294690550576,12
1.5,222,2.3856474081092576e-13,1.4015655725491429e-14,16.98927791010425,16.98927791010425,0.0,4.062500000000038,4.1300296516055823e-14,6.862303206606027e-49,1.0000000000000018,97.61024381564508,3.968069214353309,0.0,-1.4906557863266905,0.0,0.01985921190437978,1.9375,1.1389458512661,8.799380685770193e-16,0.36251571262875126,12
1.6000000000000003,237,3.031758617620022e-13,1.7781312938555127e-14,16.98927791010425,16.989277910104253,2.0911504877364743e-16,4.225000000000041,4.529709940470639e-14,1.3515564215261694e-47,1.0000000000000013,97.88698513623132,3.968076488491162,0.0,-1.497885756531804,0.0,0.01980430036084101,1.9375,1.2481768138697236,5.0577044569574125e-16,0.3729131274051014,12
1.7000000000000004,252,3.8354695735078916e-13,2.2300008924969087e-14,16.98927791010425,16.989277910104253,2.0911504877364743e-16,4.387500000000045,4.8405723873656825e-14,2.0894601281391454e-46,1.0000000000000013,98.14923159048672,3.968088285530554,0.0,-1.5045217017664685,0.0,0.019591278491357115,1.9375,1.3574994236491074,8.578878112920976e-16,0.384189782628076,12
1.8000000000000005,267,4.660843583369038e-13,2.705979938016365e-14,16.98927791010425,16.989277910104253,2.0911504877364743e-16,4.550000000000048,5.3290705182007514e-14,2.6130811061206134e-45,1.0000000000000013,98.39872155908546,3.968084421208329,0.0,-1.5105126708015453,0.0,0.019291459934513592,1.9375,1.4646492969652578,2.831949984609688e-15,0.3964538487843981,12
1.9000000000000006,282,5.555432619464527e-13,3.217191338425078e-14,16.98927791010425,16.989277910104253,2.0911504877364743e-16,4.712500000000043,5.773159728050814e-14,2.7101755213437043e-44,1.0000000000000013,98.63692700910715,3.96807367264551,0.0,-1.5158480422934937,0.0,0.018811280436080966,1.9375,1.5674966107218173,3.9125518515945866e-15,0.4095654050405922,12
2.0,297,6.673176957848123e-13,3.8506772880302965e-14,16.98927791010425,16.989277910104253,2.0911504877364743e-16,4.874999999999987,6.217248937900877e-14,2.3797582045363955e-43,1.0000000000000013,98.8649791269471,3.9680682004050407,0.0,-1.520548689487367,0.0,0.018357808859121447,1.9375,1.663985132104441,4.55437203712241e-15,0.4231367510116778,12
2.1000000000000005,312,7.984165696747932e-13,4.611198882094393e-14,16.98927791010425,16.989277910104256,4.1823009754729485e-16,5.037499999999633,6.483702463810914e-14,1.7997935713697446e-42,1.0000000000000013,99.08367070037563,3.9680708540335283,0.0,-1.524654916307274,0.0,0.01794991266130582,1.9375,1.751937982710181,5.370170134895307e-15,0.4365559458845236,12
2.2000000000000006,327,9.083384950236625e-13,5.221334645320287e-14,16.98927791010425,16.989277910104256,4.1823009754729485e-16,5.199999999997757,7.061018436615996e-14,1.1893364152692308e-41,1.0000000000000013,99.29352847618736,3.9680758622284418,0.0,-1.5282156737421912,0.0,0.017595814755780332,1.9375,1.8291551896432408,5.705572475434575e-15,0.4491400879337005,12
2.3000000000000007,342,9.84870998231753e-13,5.6298795611595876e-14,16.98927791010425,16.989277910104256,4.1823009754729485e-16,5.362499999988924,7.460698725481052e-14,6.950574419915336e-41,1.0000000000000013,99.4949236560231,3.9680791153023605,0.0,-1.5312826459020195,0.0,0.017295134508118575,1.9375,1.8934504921854123,4.193247703860874e-15,0.4603510111992377,12
2.400000000000001,357,1.0307085046568076e-12,5.855088565400998e-14,16.98927791010425,16.98927791010426,6.273451463209423e-16,5.524999999951431,8.038014698286133e-14,3.62917713028659e-40,1.0000000000000013,99.6881815747806,3.968080164002015,0.0,-1.5339083721839837,0.0,0.01704245129554827,1.9375,1.9427109306238695,2.376697083305432e-15,0.4700262542606248,12
2.5,372,1.1082891874202028e-12,6.275159982369784e-14,16.98927791010425,16.98927791010426,6.273451463209423e-16,5.6874999998063345,8.615330671091215e-14,1.7078944929580625e-39,1.0000000000000013,99.87365877599572,3.9680791589639095,0.0,-1.5361457936059422,0.0,0.016830608534871505,1.9375,1.9750716299217563,8.71045301275149e-16,0.4784198934879135,12
2.600000000000001,387,1.2126612648072355e-12,6.840025609272473e-14,16.98927791010425,16.98927791010426,6.273451463209423e-16,5.849999999290365,9.237055564881302e-14,7.298954367102503e-39,1.0000000000000013,100.0517720871848,3.9680766733022965,0.0,-1.5380473830937786,0.0,0.016652980076903152,1.9375,1.9892925471296785,5.307730562505198e-16,0.4860824017990157,12
2.700000000000001,402,1.333356222741472e-12,7.485429140834646e-14,16.98927791010425,16.98927791010426,6.273451463209423e-16,6.012499997592274,9.85878045867139e-14,2.8515579683531893e-38,1.0000000000000013,100.22298359329727,3.9680741498846435,0.0,-1.539663274130511,0.0,0.016504519519754946,1.9375,1.9853928085257926,1.0966058467815598e-15,0.4936727084011717,12
2.800000000000001,417,1.4699968672871044e-12,8.228122939545811e-14,16.98927791010425,16.989277910104263,8.364601950945897e-16,6.174999992387678,1.0480505352461478e-13,1.024422175554072e-37,1.0000000000000013,100.3877623468399,3.968073012264128,0.0,-1.5410386808745178,0.0,0.016381776457153486,1.9375,1.9655419010318615,1.8404658775454144e-15,0.5019284694239181,12
2.9000000000000012,432,2.0876470040523398e-13,1.1620940757096144e-14,16.98927791010425,16.989277910104246,2.0911504877364743e-16,6.3374999774478455,1.1102230246251565e-13,3.4020935289806488e-37,1.0000000000000013,100.54654689750929,3.968073655606767,0.0,-1.5422116738458482,0.0,0.0162823953809402,1.9375,1.9352031503217657,2.081984977697061e-15,0.5114653622944254,13
3.0,447,2.3019097478843564e-13,1.2758775776914013e-14,16.98927791010425,16.989277910104246,2.0911504877364743e-16,6.4999999370804105,1.1546319456101628e-13,1.04947124983302e-36,1.0000000000000013,100.69972066480668,3.9680755102037963,0.0,-1.5432122249633293,0.0,0.016204513161663863,1.9375,1.9034768674979248,1.5639949230083555e-15,0.5222971184888171,13
3.1000000000000014,462,2.537731309815161e-13,1.4003786492368711e-14,16.98927791010425,16.989277910104246,2.0911504877364743e-16,6.662499833941598,1.2256862191861728e-13,3.0204095323479525e-36,1.0000000000000013,100.84760402115666,3.968077607240507,0.0,-1.544062807965934,0.0,0.016146270670860583,1.9375,1.880478475473792,5.923083777207722e-16,0.5335127577280692,13
3.2000000000000015,477,2.7999033213460534e-13,1.5355447811416148e-14,16.98927791010425,16.989277910104242,4.1823009754729485e-16,6.824999583729273,1.2967404927621828e-13,8.143305093931083e-36,1.0000000000000013,100.99045898029203,3.968079166669787,0.0,-1.5447803066146841,0.0,0.016105557079886933,1.9375,1.8723639035745783,-2.404871216388155e-16,0.5438361443061711,13
3.3000000000000016,492,3.07859640558128e-13,1.6825455847503544e-14,16.98927791010425,16.989277910104242,4.1823009754729485e-16,6.987499005215871,1.3500311979441904e-13,2.0645184538791283e-35,1.0000000000000009,101.12850073042117,3.968079916715906,0.0,-1.5453785127139872,0.0,0.01607996995681798,1.9375,1.8784306875543058,-8.784843513037693e-16,0.5525355129379286,13
3.4000000000000017,507,3.3759930614940536e-13,1.842582228620784e-14,16.98927791010425,16.989277910104242,4.1823009754729485e-16,7.149997726098349,1.412203687323199e-13,4.939169982379901e-35,1.0000000000000009,101.26191163926681,3.968079990399561,0.0,-1.5458703735479802,0.0,0.016066908446201913,1.9375,1.8928459237375135,-1.5296246111274869e-15,0.5597312240097942,13
3.5,521,9.178175146978829e-12,5.561953533651364e-13,16.98927791010425,16.989277910104228,1.2546902926418846e-15,7.31249501314993,1.4921397450962104e-13,1.118774316771798e-34,1.0000000000000009,101.39078783108292,3.968079693814666,0.0,-1.546269501582748,0.0,0.01606377229195977,1.9375,1.908954406892047,-2.1123221906903803e-15,0.5659654203066151,11
3.600000000000002,535,9.829376028391845e-12,5.894731027218217e-13,16.98927791010425,16.98927791010422,1.6729203901891794e-15,7.474989477794944,1.5365486660812167e-13,2.406756636431802e-34,1.0000000000000009,101.51534620868028,3.9680793194718453,0.0,-1.5465901779301527,0.0,0.01606795673750973,1.9375,1.9223017580597748,-2.4926042145031272e-15,0.5717013775556807,11
3.700000000000002,549,1.0412427864370244e-11,6.190154756942957e-13,16.98927791010425,16.989277910104224,1.463805341415532e-15,7.637478585472701,1.5987211554602254e-13,4.93162937856496e-34,1.0000000000000009,101.63574110704842,3.968079040111293,0.0,-1.546847162593462,0.0,0.01607715198908623,1.9375,1.931092470207599,-2.68433211301801e-15,0.577163466835724,11
3.800000000000002,563,1.1215096993449913e-11,6.623519704983494e-13,16.98927791010425,16.989277910104242,4.1823009754729485e-16,7.799957865842516,1.6608936448392342e-13,9.651856461224568e-34,1.0000000000000009,101.75212490599914,3.968078901469895,0.0,-1.5470545464810566,0.0,0.016089355081645537,1.9375,1.9353216002581346,-3.015958276022768e-15,0.5823899774645187,11
3.900000000000002,577,2.3106776908532467e-12,1.2039957302572342e-13,16.98927791010425,16.989277910104285,2.0911504877364744e-15,7.962419684310275,1.7053025658242404e-13,1.8089192729264137e-33,1.0000000000000009,101.86465111281052,3.9680788703134726,0.0,-1.5472246910393699,0.0,0.016102910949046145,1.9375,1.9358780765570514,-3.847903634684536e-15,0.5873353686422068,12
4.0,591,3.3072598479289006e-12,1.72992104620622e-13,16.98927791010425,16.989277910104303,3.1367257316047115e-15,8.124851392220581,1.7763568394002505e-13,3.254457796222099e-33,1.0000000000000009,101.97347424391106,3.9680788909415634,0.0,-1.547367488190715,0.0,0.016116523279365264,1.9375,1.9339950871202243,-4.984629653910685e-15,0.5919391826992102,12
